Группа,Прямая форма,Возвратная форма
I,aérer,s'aérer
I,abaisser,s'abaisser
I,abandonner,s'abandonner
I,abcéder,s'abcéder
I,abîmer,s'abîmer
I,ablater,s'ablater
I,abonner,s'abonner
I,aborder,s'aborder
I,aboucher,s'aboucher
I,abouler,s'abouler
I,abréger,s'abréger
I,abraser,s'abraser
I,abreuver,s'abreuver
I,abriter,s'abriter
I,absenter,s'absenter
I,absorber,s'absorber
I,abuser,s'abuser
I,acagnarder,s'acagnarder
I,accagnarder,s'accagnarder
I,accélérer,s'accélérer
I,accentuer,s'accentuer
I,accepter,s'accepter
I,acclimater,s'acclimater
I,accointer,s'accointer
I,accoler,s'accoler
I,accommoder,s'accommoder
I,accompagner,s'accompagner
I,accorder,s'accorder
I,accoster,s'accoster
I,accoter,s'accoter
I,accouder,s'accouder
I,accoupler,s'accoupler
I,accoutrer,s'accoutrer
I,accoutumer,s'accoutumer
I,accréditer,s'accréditer
I,accrocher,s'accrocher
I,accumuler,s'accumuler
I,accuser,s'accuser
I,acheter,s'acheter
I,achever,s'achever
I,acharner,s'acharner
I,acheminer,s'acheminer
I,achopper,s'achopper
I,acidifier,s'acidifier
I,acoquiner,s'acoquiner
I,acquitter,s'acquitter
I,activer,s'activer
I,adapter,s'adapter
I,additionner,s'additionner
I,adjuger,s'adjuger
I,administrer,s'administrer
I,admirer,s'admirer
I,adoniser,s'adoniser
I,adonner,s'adonner
I,adorer,s'adorer
I,adosser,s'adosser
I,adresser,s'adresser
I,affairer,s'affairer
I,affaisser,s'affaisser
I,affaler,s'affaler
I,affecter,s'affecter
I,afficher,s'afficher
I,affilier,s'affilier
I,affiner,s'affiner
I,affirmer,s'affirmer
I,affliger,s'affliger
I,affoler,s'affoler
I,affronter,s'affronter
I,affubler,s'affubler
I,africaniser,s'africaniser
I,agacer,s'agacer
I,agencer,s'agencer
I,agenouiller,s'agenouiller
I,agglomérer,s'agglomérer
I,agglutiner,s'agglutiner
I,aggraver,s'aggraver
I,agiter,s'agiter
I,agréger,s'agréger
I,agriffer,s'agriffer
I,agripper,s'agripper
I,aheurter,s'aheurter
I,aider,s'aider
I,aiguiser,s'aiguiser
I,aimer,s'aimer
I,aimanter,s'aimanter
I,ajouter,s'ajouter
I,ajuster,s'ajuster
I,alarmer,s'alarmer
I,alcooliser,s'alcooliser
I,aliéner,s'aliéner
I,aligner,s'aligner
I,alimenter,s'alimenter
I,aliter,s'aliter
I,allier,s'allier
I,allonger,s'allonger
I,allumer,s'allumer
I,altérer,s'altérer
I,amener,s'amener
I,amalgamer,s'amalgamer
I,amariner,s'amariner
I,amarrer,s'amarrer
I,amasser,s'amasser
I,amateloter,s'amateloter
I,amatelotter,s'amatelotter
I,ambifier,s'ambifier
I,améliorer,s'améliorer
I,amender,s'amender
I,amenuiser,s'amenuiser
I,américaniser,s'américaniser
I,ameuter,s'ameuter
I,amocher,s'amocher
I,amonceler,s'amonceler
I,amorcer,s'amorcer
I,amouracher,s'amouracher
I,amplifier,s'amplifier
I,amuser,s'amuser
I,analyser,s'analyser
I,anastomoser,s'anastomoser
I,ancrer,s'ancrer
I,angliciser,s'angliciser
I,angoisser,s'angoisser
I,animer,s'animer
I,ankyloser,s'ankyloser
I,annexer,s'annexer
I,annihiler,s'annihiler
I,annoncer,s'annoncer
I,annuler,s'annuler
I,anuiter,s'anuiter
I,apaiser,s'apaiser
I,apetisser,s'apetisser
I,apitoyer,s'apitoyer
I,aplomber,s'aplomber
I,apostropher,s'apostropher
I,appeler,s'appeler
I,apparier,s'apparier
I,appareiller,s'appareiller
I,apparenter,s'apparenter
I,appliquer,s'appliquer
I,appointer,s'appointer
I,apprécier,s'apprécier
I,apprêter,s'apprêter
I,apprivoiser,s'apprivoiser
I,approcher,s'approcher
I,approprier,s'approprier
I,approuver,s'approuver
I,approvisionner,s'approvisionner
I,appuyer,s'appuyer
I,arc-bouter,s'arc-bouter
I,argenter,s'argenter
I,armer,s'armer
I,arquer,s'arquer
I,arracher,s'arracher
I,arranger,s'arranger
I,arréager,s'arréager
I,arrêter,s'arrêter
I,arroger,s'arroger
I,arroser,s'arroser
I,arsouiller,s'arsouiller
I,articuler,s'articuler
I,asperger,s'asperger
I,asphyxier,s'asphyxier
I,assécher,s'assécher
I,assembler,s'assembler
I,assibiler,s'assibiler
I,assimiler,s'assimiler
I,associer,s'associer
I,assommer,s'assommer
I,assoter,s'assoter
I,assumer,s'assumer
I,assurer,s'assurer
I,atomiser,s'atomiser
I,atrophier,s'atrophier
I,atteler,s'atteler
I,attabler,s'attabler
I,attacher,s'attacher
I,attaquer,s'attaquer
I,attarder,s'attarder
I,atténuer,s'atténuer
I,attifer,s'attifer
I,attirer,s'attirer
I,attraper,s'attraper
I,attribuer,s'attribuer
I,attrister,s'attrister
I,attrouper,s'attrouper
I,augmenter,s'augmenter
I,auréoler,s'auréoler
I,autocensurer,s'autocensurer
I,autodéterminer,s'autodéterminer
I,autofinancer,s'autofinancer
I,autoguider,s'autoguider
I,autoproclamer,s'autoproclamer
I,autoriser,s'autoriser
I,autosuggestionner,s'autosuggestionner
I,autotomiser,s'autotomiser
I,avérer,s'avérer
I,avancer,s'avancer
I,avatier,s'avatier
I,aventurer,s'aventurer
I,aveugler,s'aveugler
I,aviser,s'aviser
I,avitailler,s'avitailler
I,avoisiner,s'avoisiner
I,avouer,s'avouer
I,badigeonner,se badigeonner
I,bagarrer,se bagarrer
I,baguenauder,se baguenauder
I,baigner,se baigner
I,baisoter,se baisoter
I,baisser,se baisser
I,balader,se balader
I,balancer,se balancer
I,balkaniser,se balkaniser
I,balluchonner,se balluchonner
I,baluchonner,se baluchonner
I,banaliser,se banaliser
I,bander,se bander
I,baquer,se baquer
I,barber,se barber
I,barbifier,se barbifier
I,barrer,se barrer
I,barricader,se barricader
I,baser,se baser
I,bastonner,se bastonner
I,batailler,se batailler
I,bauger,se bauger
I,bécoter,se bécoter
I,bercer,se bercer
I,berlurer,se berlurer
I,bêtifier,se bêtifier
I,beurrer,se beurrer
I,bichonner,se bichonner
I,bider,se bider
I,bidonner,se bidonner
I,bigorner,se bigorner
I,biler,se biler
I,biloter,se biloter
I,bitturer,se bitturer
I,biturer,se biturer
I,blâmer,se blâmer
I,blaser,se blaser
I,blesser,se blesser
I,blinder,se blinder
I,bloquer,se bloquer
I,blouser,se blouser
I,bonifier,se bonifier
I,borner,se borner
I,botter,se botter
I,bouger,se bouger
I,boucher,se boucher
I,bouchonner,se bouchonner
I,boucler,se boucler
I,bouder,se bouder
I,bouffer,se bouffer
I,bourrer,se bourrer
I,boursouffler,se boursouffler
I,boursoufler,se boursoufler
I,bousculer,se bousculer
I,boutonner,se boutonner
I,boyauter,se boyauter
I,brailler,se brailler
I,brancher,se brancher
I,braquer,se braquer
I,brasser,se brasser
I,brésiller,se brésiller
I,briser,se briser
I,bronzer,se bronzer
I,brosser,se brosser
I,brouiller,se brouiller
I,brûler,se brûler
I,bureaucratiser,se bureaucratiser
I,buter,se buter
I,cabrer,se cabrer
I,cacher,se cacher
I,cailler,se cailler
I,caler,se caler
I,caleter,se caleter
I,calaminer,se calaminer
I,calfeutrer,se calfeutrer
I,calmer,se calmer
I,calter,se calter
I,camer,se camer
I,cambrer,se cambrer
I,camoufler,se camoufler
I,camper,se camper
I,cannibaliser,se cannibaliser
I,cantonner,se cantonner
I,caparaçonner,se caparaçonner
I,capitonner,se capitonner
I,captiver,se captiver
I,carier,se carier
I,caractériser,se caractériser
I,caramboler,se caramboler
I,caraméliser,se caraméliser
I,carapater,se carapater
I,caresser,se caresser
I,carnifier,se carnifier
I,carrer,se carrer
I,caser,se caser
I,casser,se casser
I,castagner,se castagner
I,caver,se caver
I,cavaler,se cavaler
I,chamailler,se chamailler
I,changer,se changer
I,charger,se charger
I,charcuter,se charcuter
I,châtier,se châtier
I,châtaigner,se châtaigner
I,chauffer,se chauffer
I,chausser,se chausser
I,chercher,se chercher
I,chevaucher,se chevaucher
I,chicaner,se chicaner
I,chicorer,se chicorer
I,chicorner,se chicorner
I,chiffonner,se chiffonner
I,chiffrer,se chiffrer
I,choquer,se choquer
I,cicatriser,se cicatriser
I,cimenter,se cimenter
I,cingler,se cingler
I,civiliser,se civiliser
I,claquer,se claquer
I,claquemurer,se claquemurer
I,clarifier,se clarifier
I,classer,se classer
I,claustrer,se claustrer
I,cliver,se cliver
I,clochardiser,se clochardiser
I,cloîtrer,se cloîtrer
I,coaguler,se coaguler
I,coaliser,se coaliser
I,cocaliser,se cocaliser
I,cogner,se cogner
I,coiffer,se coiffer
I,coincer,se coincer
I,coller,se coller
I,colleter,se colleter
I,collecter,se collecter
I,colorer,se colorer
I,coltiner,se coltiner
I,combiner,se combiner
I,commander,se commander
I,commencer,se commencer
I,communiquer,se communiquer
I,comparer,se comparer
I,compenser,se compenser
I,compléter,se compléter
I,complexer,se complexer
I,complexifier,se complexifier
I,compliquer,se compliquer
I,comporter,se comporter
I,composer,se composer
I,compter,se compter
I,concentrer,se concentrer
I,concerter,se concerter
I,concilier,se concilier
I,concréter,se concréter
I,concrétiser,se concrétiser
I,condenser,se condenser
I,confier,se confier
I,confectionner,se confectionner
I,confédérer,se confédérer
I,confesser,se confesser
I,confiner,se confiner
I,confirmer,se confirmer
I,conformer,se conformer
I,conforter,se conforter
I,congeler,se congeler
I,congestionner,se congestionner
I,conglomérer,se conglomérer
I,congratuler,se congratuler
I,conjuguer,se conjuguer
I,conjurer,se conjurer
I,consacrer,se consacrer
I,conserver,se conserver
I,considérer,se considérer
I,consoler,se consoler
I,consolider,se consolider
I,consommer,se consommer
I,constituer,se constituer
I,consulter,se consulter
I,consumer,se consumer
I,contempler,se contempler
I,contenter,se contenter
I,continuer,se continuer
I,contorsionner,se contorsionner
I,contracter,se contracter
I,contrarier,se contrarier
I,en contrebalancer,s'en contrebalancer
I,contreficher,se contreficher
I,contrôler,se contrôler
I,convulser,se convulser
I,cornancher,se cornancher
I,corriger,se corriger
I,corser,se corser
I,costumer,se costumer
I,cotiser,se cotiser
I,côtoyer,se côtoyer
I,cotonner,se cotonner
I,coucher,se coucher
I,couler,se couler
I,couper,se couper
I,courber,se courber
I,couronner,se couronner
I,courroucer,se courroucer
I,créer,se créer
I,crever,se crever
I,cramponner,se cramponner
I,craqueler,se craqueler
I,crasher,se crasher
I,cravater,se cravater
I,créoliser,se créoliser
I,crêper,se crêper
I,creuser,se creuser
I,crevasser,se crevasser
I,criquer,se criquer
I,crisper,se crisper
I,cristalliser,se cristalliser
I,croiser,se croiser
I,crotter,se crotter
I,croûtonner,se croûtonner
I,cuirasser,se cuirasser
I,cuiter,se cuiter
I,culotter,se culotter
I,cultiver,se cultiver
I,curer,se curer
I,damner,se damner
I,dandiner,se dandiner
I,darder,se darder
I,déambuler,se déambuler
I,déballonner,se déballonner
I,débander,se débander
I,débarbouiller,se débarbouiller
I,débarrasser,se débarrasser
I,débaucher,se débaucher
I,débecqueter,se débecqueter
I,débequeter,se débequeter
I,débiner,se débiner
I,déboîter,se déboîter
I,débonder,se débonder
I,déborder,se déborder
I,débotter,se débotter
I,débouder,se débouder
I,déboutonner,se déboutonner
I,débraguetter,se débraguetter
I,débrailler,se débrailler
I,débrancher,se débrancher
I,débrouiller,se débrouiller
I,décalcifier,se décalcifier
I,décanter,se décanter
I,décarcasser,se décarcasser
I,décarêmer,se décarêmer
I,décaver,se décaver
I,décentrer,se décentrer
I,décentraliser,se décentraliser
I,déchaîner,se déchaîner
I,décharger,se décharger
I,déchausser,se déchausser
I,déchirer,se déchirer
I,déchristianiser,se déchristianiser
I,décider,se décider
I,déclarer,se déclarer
I,déclencher,se déclencher
I,décliner,se décliner
I,décoiffer,se décoiffer
I,décoller,se décoller
I,décolleter,se décolleter
I,décolorer,se décolorer
I,décommander,se décommander
I,décomposer,se décomposer
I,déconcentrer,se déconcentrer
I,déconcubiner,se déconcubiner
I,déconsidérer,se déconsidérer
I,décontenancer,se décontenancer
I,décontracter,se décontracter
I,décorder,se décorder
I,découper,se découper
I,décourager,se décourager
I,décrapouiller,se décrapouiller
I,décrasser,se décrasser
I,décréditer,se décréditer
I,décrisper,se décrisper
I,décrocher,se décrocher
I,déculotter,se déculotter
I,dédommager,se dédommager
I,dédouaner,se dédouaner
I,dédoubler,se dédoubler
I,défier,se défier
I,défâcher,se défâcher
I,défatiguer,se défatiguer
I,défausser,se défausser
I,défenestrer,se défenestrer
I,défigurer,se défigurer
I,défiler,se défiler
I,défoncer,se défoncer
I,déformer,se déformer
I,défouler,se défouler
I,défringuer,se défringuer
I,défroisser,se défroisser
I,défroquer,se défroquer
I,dégeler,se dégeler
I,dégager,se dégager
I,déganter,se déganter
I,dégénérer,se dégénérer
I,dégingander,se dégingander
I,déglinguer,se déglinguer
I,dégonfler,se dégonfler
I,dégorger,se dégorger
I,dégoûter,se dégoûter
I,dégrader,se dégrader
I,dégrafer,se dégrafer
I,dégriser,se dégriser
I,dégrouiller,se dégrouiller
I,déguiser,se déguiser
I,déhaler,se déhaler
I,déhancher,se déhancher
I,déharnacher,se déharnacher
I,déjeter,se déjeter
I,déjuger,se déjuger
I,délier,se délier
I,délabialiser,se délabialiser
I,délabrer,se délabrer
I,délasser,se délasser
I,délatter,se délatter
I,délecter,se délecter
I,délester,se délester
I,délicoter,se délicoter
I,déliter,se déliter
I,délivrer,se délivrer
I,délocaliser,se délocaliser
I,déloquer,se déloquer
I,démener,se démener
I,démailler,se démailler
I,démancher,se démancher
I,demander,se demander
I,démantibuler,se démantibuler
I,démaquer,se démaquer
I,démaquiller,se démaquiller
I,démarier,se démarier
I,démarquer,se démarquer
I,démasquer,se démasquer
I,démêler,se démêler
I,démerder,se démerder
I,démobiliser,se démobiliser
I,démocratiser,se démocratiser
I,démoder,se démoder
I,démonter,se démonter
I,démontrer,se démontrer
I,démoraliser,se démoraliser
I,démotiver,se démotiver
I,démouscailler,se démouscailler
I,dénaturer,se dénaturer
I,déniaiser,se déniaiser
I,dénoncer,se dénoncer
I,dénouer,se dénouer
I,dénuer,se dénuer
I,dénuder,se dénuder
I,dépagnoter,se dépagnoter
I,dépailler,se dépailler
I,dépasser,se dépasser
I,dépatouiller,se dépatouiller
I,dépatrier,se dépatrier
I,dépêcher,se dépêcher
I,dépenser,se dépenser
I,dépersonnaliser,se dépersonnaliser
I,dépêtrer,se dépêtrer
I,dépeupler,se dépeupler
I,dépiter,se dépiter
I,déplier,se déplier
I,déplacer,se déplacer
I,déplanquer,se déplanquer
I,déplisser,se déplisser
I,déployer,se déployer
I,déplumer,se déplumer
I,dépoiler,se dépoiler
I,dépolitiser,se dépolitiser
I,déporter,se déporter
I,déposer,se déposer
I,dépouiller,se dépouiller
I,déprécier,se déprécier
I,déprimer,se déprimer
I,dérégler,se dérégler
I,déranger,se déranger
I,dérider,se dérider
I,dérober,se dérober
I,dérouiller,se dérouiller
I,dérouler,se dérouler
I,dérouter,se dérouter
I,désabonner,se désabonner
I,désaccorder,se désaccorder
I,désaccoutumer,se désaccoutumer
I,désadapter,se désadapter
I,désaffectionner,se désaffectionner
I,désagréger,se désagréger
I,désaltérer,se désaltérer
I,désâmer,se désâmer
I,désamorcer,se désamorcer
I,désaper,se désaper
I,désargenter,se désargenter
I,désarmer,se désarmer
I,désarticuler,se désarticuler
I,desceller,se desceller
I,désembourgeoiser,se désembourgeoiser
I,désenclaver,se désenclaver
I,désencombrer,se désencombrer
I,désendetter,se désendetter
I,désénerver,se désénerver
I,désenfler,se désenfler
I,désengager,se désengager
I,désengluer,se désengluer
I,désennuyer,se désennuyer
I,désensibiliser,se désensibiliser
I,déséquiper,se déséquiper
I,déserter,se déserter
I,désespérer,se désespérer
I,désexciter,se désexciter
I,déshabiller,se déshabiller
I,déshabituer,se déshabituer
I,déshonorer,se déshonorer
I,déshumaniser,se déshumaniser
I,déshydrater,se déshydrater
I,désincarner,se désincarner
I,désindustrialiser,se désindustrialiser
I,désintégrer,se désintégrer
I,désintéresser,se désintéresser
I,désintoxiquer,se désintoxiquer
I,désister,se désister
I,désoler,se désoler
I,désolidariser,se désolidariser
I,désopiler,se désopiler
I,désorbiter,se désorbiter
I,désorganiser,se désorganiser
I,désorienter,se désorienter
I,désosser,se désosser
I,dessécher,se dessécher
I,dessaler,se dessaler
I,dessangler,se dessangler
I,dessaouler,se dessaouler
I,dessaper,se dessaper
I,desserrer,se desserrer
I,dessiller,se dessiller
I,dessiner,se dessiner
I,dessouder,se dessouder
I,dessoûler,se dessoûler
I,destiner,se destiner
I,déstructurer,se déstructurer
I,détacher,se détacher
I,détériorer,se détériorer
I,déterminer,se déterminer
I,détester,se détester
I,détirer,se détirer
I,détourner,se détourner
I,détraquer,se détraquer
I,détromper,se détromper
I,dévaloriser,se dévaloriser
I,dévaluer,se dévaluer
I,développer,se développer
I,dévergonder,se dévergonder
I,déverser,se déverser
I,dévider,se dévider
I,deviner,se deviner
I,dévoyer,se dévoyer
I,dévoiler,se dévoiler
I,dévorer,se dévorer
I,dévouer,se dévouer
I,différencier,se différencier
I,diffuser,se diffuser
I,digérer,se digérer
I,dilater,se dilater
I,diluer,se diluer
I,diminuer,se diminuer
I,diriger,se diriger
I,discréditer,se discréditer
I,disculper,se disculper
I,discuter,se discuter
I,disloquer,se disloquer
I,dispenser,se dispenser
I,disperser,se disperser
I,disposer,se disposer
I,disputer,se disputer
I,disqualifier,se disqualifier
I,disséminer,se disséminer
I,dissimuler,se dissimuler
I,dissiper,se dissiper
I,dissocier,se dissocier
I,distancer,se distancer
I,distancier,se distancier
I,distinguer,se distinguer
I,distribuer,se distribuer
I,diversifier,se diversifier
I,diviser,se diviser
I,divulguer,se divulguer
I,documenter,se documenter
I,dominer,se dominer
I,donner,se donner
I,doper,se doper
I,dorer,se dorer
I,dorloter,se dorloter
I,doter,se doter
I,doubler,se doubler
I,doucher,se doucher
I,douter,se douter
I,draper,se draper
I,dresser,se dresser
I,droguer,se droguer
I,duper,se duper
I,duveter,se duveter
I,ébaucher,s'ébaucher
I,éborgner,s'éborgner
I,ébouillanter,s'ébouillanter
I,ébouler,s'ébouler
I,ébrécher,s'ébrécher
I,ébranler,s'ébranler
I,ébrouer,s'ébrouer
I,ébruiter,s'ébruiter
I,écailler,s'écailler
I,écaler,s'écaler
I,écarter,s'écarter
I,échanger,s'échanger
I,échapper,s'échapper
I,écharper,s'écharper
I,échauder,s'échauder
I,échauffer,s'échauffer
I,échelonner,s'échelonner
I,échiner,s'échiner
I,échouer,s'échouer
I,éclabousser,s'éclabousser
I,éclairer,s'éclairer
I,éclater,s'éclater
I,éclipser,s'éclipser
I,écorcher,s'écorcher
I,écouler,s'écouler
I,écouter,s'écouter
I,écrier,s'écrier
I,écraser,s'écraser
I,écrouler,s'écrouler
I,effacer,s'effacer
I,effarer,s'effarer
I,effaroucher,s'effaroucher
I,effectuer,s'effectuer
I,effeuiller,s'effeuiller
I,effiler,s'effiler
I,effilocher,s'effilocher
I,efflanquer,s'efflanquer
I,effondrer,s'effondrer
I,efforcer,s'efforcer
I,effrayer,s'effrayer
I,effranger,s'effranger
I,effriter,s'effriter
I,égayer,s'égayer
I,égailler,s'égailler
I,égarer,s'égarer
I,égorger,s'égorger
I,égosiller,s'égosiller
I,égoutter,s'égoutter
I,égrener,s'égrener
I,égrainer,s'égrainer
I,égratigner,s'égratigner
I,éjecter,s'éjecter
I,élever,s'élever
I,élaborer,s'élaborer
I,élancer,s'élancer
I,électrocuter,s'électrocuter
I,élider,s'élider
I,éliminer,s'éliminer
I,éloigner,s'éloigner
I,émacier,s'émacier
I,émanciper,s'émanciper
I,emballer,s'emballer
I,embaquer,s'embaquer
I,embarbouiller,s'embarbouiller
I,embarder,s'embarder
I,embarquer,s'embarquer
I,embarrer,s'embarrer
I,embarrasser,s'embarrasser
I,embaucher,s'embaucher
I,embéguiner,s'embéguiner
I,emberlificoter,s'emberlificoter
I,embêter,s'embêter
I,emboîter,s'emboîter
I,embosser,s'embosser
I,embourber,s'embourber
I,embourgeoiser,s'embourgeoiser
I,embourrer,s'embourrer
I,embrancher,s'embrancher
I,embraser,s'embraser
I,embrasser,s'embrasser
I,embrigader,s'embrigader
I,embringuer,s'embringuer
I,embrouiller,s'embrouiller
I,embroussailler,s'embroussailler
I,embuer,s'embuer
I,embusquer,s'embusquer
I,émerveiller,s'émerveiller
I,émietter,s'émietter
I,emmailloter,s'emmailloter
I,emmancher,s'emmancher
I,emmêler,s'emmêler
I,emmerder,s'emmerder
I,emmitoufler,s'emmitoufler
I,émousser,s'émousser
I,empaler,s'empaler
I,emparer,s'emparer
I,empâter,s'empâter
I,empêcher,s'empêcher
I,empêtrer,s'empêtrer
I,empiffrer,s'empiffrer
I,empiler,s'empiler
I,empirer,s'empirer
I,emplafonner,s'emplafonner
I,employer,s'employer
I,empoigner,s'empoigner
I,empoisonner,s'empoisonner
I,emporter,s'emporter
I,empourprer,s'empourprer
I,empoussiérer,s'empoussiérer
I,empresser,s'empresser
I,enamourer,s'enamourer
I,énamourer,s'énamourer
I,encadrer,s'encadrer
I,encanailler,s'encanailler
I,encapuchonner,s'encapuchonner
I,encasteler,s'encasteler
I,encastrer,s'encastrer
I,enchaîner,s'enchaîner
I,enchanter,s'enchanter
I,enchâsser,s'enchâsser
I,enchevêtrer,s'enchevêtrer
I,enclaver,s'enclaver
I,enclencher,s'enclencher
I,encombrer,s'encombrer
I,encorder,s'encorder
I,encrasser,s'encrasser
I,encroumer,s'encroumer
I,encroûter,s'encroûter
I,endetter,s'endetter
I,endimancher,s'endimancher
I,énerver,s'énerver
I,enfermer,s'enfermer
I,enferrer,s'enferrer
I,enfiévrer,s'enfiévrer
I,enfiler,s'enfiler
I,enfler,s'enfler
I,enflammer,s'enflammer
I,enfoirer,s'enfoirer
I,enfoncer,s'enfoncer
I,enfourner,s'enfourner
I,enfumer,s'enfumer
I,engager,s'engager
I,engluer,s'engluer
I,engorger,s'engorger
I,engouer,s'engouer
I,engouffrer,s'engouffrer
I,engrener,s'engrener
I,engraisser,s'engraisser
I,engrumeler,s'engrumeler
I,engueuler,s'engueuler
I,enivrer,s'enivrer
I,enjoliver,s'enjoliver
I,enkyster,s'enkyster
I,enlever,s'enlever
I,enlacer,s'enlacer
I,enliser,s'enliser
I,ennuyer,s'ennuyer
I,ennuager,s'ennuager
I,énoncer,s'énoncer
I,enquêter,s'enquêter
I,enquiquiner,s'enquiquiner
I,enrayer,s'enrayer
I,enraciner,s'enraciner
I,enregistrer,s'enregistrer
I,enrhumer,s'enrhumer
I,enrôler,s'enrôler
I,enrouer,s'enrouer
I,enrouiller,s'enrouiller
I,enrouler,s'enrouler
I,ensabler,s'ensabler
I,ensauver,s'ensauver
I,enseigner,s'enseigner
I,entabler,s'entabler
I,entailler,s'entailler
I,entartrer,s'entartrer
I,entasser,s'entasser
I,enténébrer,s'enténébrer
I,enterrer,s'enterrer
I,entêter,s'entêter
I,enthousiasmer,s'enthousiasmer
I,enticher,s'enticher
I,entifler,s'entifler
I,entortiller,s'entortiller
I,entourer,s'entourer
I,entraccorder,s'entraccorder
I,entraccuser,s'entraccuser
I,entradmirer,s'entradmirer
I,entraider,s'entraider
I,entraimer,s'entraimer
I,entraîner,s'entraîner
I,entre-déchirer,s'entre-déchirer
I,entre-dévorer,s'entre-dévorer
I,entre-donner,s'entre-donner
I,entre-égorger,s'entre-égorger
I,entre-frapper,s'entre-frapper
I,entre-heurter,s'entre-heurter
I,entre-louer,s'entre-louer
I,entre-manger,s'entre-manger
I,entre-regarder,s'entre-regarder
I,entre-tuer,s'entre-tuer
I,entrebâiller,s'entrebâiller
I,entrechoquer,s'entrechoquer
I,entrecouper,s'entrecouper
I,entrecroiser,s'entrecroiser
I,entrelacer,s'entrelacer
I,entremanger,s'entremanger
I,entremêler,s'entremêler
I,entreregarder,s'entreregarder
I,entretailler,s'entretailler
I,entretuer,s'entretuer
I,envoyer,s'envoyer
I,envaser,s'envaser
I,envelopper,s'envelopper
I,envenimer,s'envenimer
I,environner,s'environner
I,envoiler,s'envoiler
I,envoler,s'envoler
I,épeler,s'épeler
I,épier,s'épier
I,épancher,s'épancher
I,épargner,s'épargner
I,éparpiller,s'éparpiller
I,épauler,s'épauler
I,épiler,s'épiler
I,épivarder,s'épivarder
I,éployer,s'éployer
I,éponger,s'éponger
I,épouffer,s'épouffer
I,épouiller,s'épouiller
I,époumoner,s'époumoner
I,épouser,s'épouser
I,épouvanter,s'épouvanter
I,éprouver,s'éprouver
I,épucer,s'épucer
I,épuiser,s'épuiser
I,épurer,s'épurer
I,équilibrer,s'équilibrer
I,équiper,s'équiper
I,érafler,s'érafler
I,érailler,s'érailler
I,éreinter,s'éreinter
I,ériger,s'ériger
I,éroder,s'éroder
I,esbigner,s'esbigner
I,escamper,s'escamper
I,esclaffer,s'esclaffer
I,escrimer,s'escrimer
I,espacer,s'espacer
I,esquinter,s'esquinter
I,esquisser,s'esquisser
I,esquiver,s'esquiver
I,essayer,s'essayer
I,esseuler,s'esseuler
I,essorer,s'essorer
I,essouffler,s'essouffler
I,essuyer,s'essuyer
I,estimer,s'estimer
I,estomper,s'estomper
I,estropier,s'estropier
I,étayer,s'étayer
I,étager,s'étager
I,étaler,s'étaler
I,éterniser,s'éterniser
I,étioler,s'étioler
I,étirer,s'étirer
I,étoffer,s'étoffer
I,étoiler,s'étoiler
I,étonner,s'étonner
I,étouffer,s'étouffer
I,étrangler,s'étrangler
I,étriper,s'étriper
I,étudier,s'étudier
I,européaniser,s'européaniser
I,évacuer,s'évacuer
I,évader,s'évader
I,évaporer,s'évaporer
I,évaser,s'évaser
I,éveiller,s'éveiller
I,éventer,s'éventer
I,éventrer,s'éventrer
I,évertuer,s'évertuer
I,éviter,s'éviter
I,évoluer,s'évoluer
I,exagérer,s'exagérer
I,exalter,s'exalter
I,examiner,s'examiner
I,exarcerber,s'exarcerber
I,exaspérer,s'exaspérer
I,exciter,s'exciter
I,exclamer,s'exclamer
I,excuser,s'excuser
I,exécuter,s'exécuter
I,exempter,s'exempter
I,exercer,s'exercer
I,exfolier,s'exfolier
I,exhaler,s'exhaler
I,exhiber,s'exhiber
I,exiler,s'exiler
I,exonder,s'exonder
I,expier,s'expier
I,expatrier,s'expatrier
I,expliquer,s'expliquer
I,exposer,s'exposer
I,exprimer,s'exprimer
I,extasier,s'extasier
I,exténuer,s'exténuer
I,extérioriser,s'extérioriser
I,extirper,s'extirper
I,extravaser,s'extravaser
I,fier,se fier
I,fabriquer,se fabriquer
I,fâcher,se fâcher
I,faciliter,se faciliter
I,fagoter,se fagoter
I,failler,se failler
I,faisander,se faisander
I,familiariser,se familiariser
I,faner,se faner
I,fanatiser,se fanatiser
I,fantaliser,se fantaliser
I,farder,se farder
I,fatiguer,se fatiguer
I,faufiler,se faufiler
I,fausser,se fausser
I,fédérer,se fédérer
I,fédéraliser,se fédéraliser
I,fêler,se fêler
I,féliciter,se féliciter
I,féminiser,se féminiser
I,fendiller,se fendiller
I,fermer,se fermer
I,feutrer,se feutrer
I,figer,se figer
I,fiancer,se fiancer
I,ficher,se ficher
I,figurer,se figurer
I,filer,se filer
I,finlandiser,se finlandiser
I,fissurer,se fissurer
I,fixer,se fixer
I,flageller,se flageller
I,flanquer,se flanquer
I,flatter,se flatter
I,flinguer,se flinguer
I,focaliser,se focaliser
I,fonder,se fonder
I,forcer,se forcer
I,forger,se forger
I,former,se former
I,formaliser,se formaliser
I,formuler,se formuler
I,fortifier,se fortifier
I,fossiliser,se fossiliser
I,fouiller,se fouiller
I,fouler,se fouler
I,fourrer,se fourrer
I,fourvoyer,se fourvoyer
I,frayer,se frayer
I,fracasser,se fracasser
I,fractionner,se fractionner
I,fracturer,se fracturer
I,frapper,se frapper
I,freiner,se freiner
I,fréquenter,se fréquenter
I,frictionner,se frictionner
I,fringuer,se fringuer
I,friper,se friper
I,froisser,se froisser
I,frôler,se frôler
I,froncer,se froncer
I,frotter,se frotter
I,frusquer,se frusquer
I,geler,se geler
I,gagner,se gagner
I,galérer,se galérer
I,galvauder,se galvauder
I,gameler,se gameler
I,gangrener,se gangrener
I,ganter,se ganter
I,garer,se garer
I,garder,se garder
I,gargariser,se gargariser
I,gâter,se gâter
I,gausser,se gausser
I,gaver,se gaver
I,gélifier,se gélifier
I,gêner,se gêner
I,gendarmer,se gendarmer
I,généraliser,se généraliser
I,gercer,se gercer
I,germaniser,se germaniser
I,givrer,se givrer
I,glacer,se glacer
I,glisser,se glisser
I,glorifier,se glorifier
I,goberger,se goberger
I,godiner,se godiner
I,goinfrer,se goinfrer
I,gominer,se gominer
I,gondoler,se gondoler
I,gonfler,se gonfler
I,gorger,se gorger
I,gorgeonner,se gorgeonner
I,goupiller,se goupiller
I,gourer,se gourer
I,gourancer,se gourancer
I,gouverner,se gouverner
I,graffer,se graffer
I,grammaticaliser,se grammaticaliser
I,gratter,se gratter
I,graver,se graver
I,greffer,se greffer
I,griller,se griller
I,grimer,se grimer
I,gripper,se gripper
I,griser,se griser
I,grouiller,se grouiller
I,grouper,se grouper
I,grumeler,se grumeler
I,guêtrer,se guêtrer
I,guetter,se guetter
I,guider,se guider
I,guinder,se guinder
I,héler,se héler
I,habiller,s'habiller
I,habituer,s'habituer
I,hâler,se hâler
I,harmoniser,s'harmoniser
I,harnacher,se harnacher
I,hasarder,se hasarder
I,hâter,se hâter
I,hausser,se hausser
I,hérisser,se hérisser
I,hérissonner,se hérissonner
I,heurter,se heurter
I,hisser,se hisser
I,honorer,s'honorer
I,humaniser,s'humaniser
I,humecter,s'humecter
I,humilier,s'humilier
I,hybrider,s'hybrider
I,hydrater,s'hydrater
I,hypertrophier,s'hypertrophier
I,hypnotiser,s'hypnotiser
I,idéaliser,s'idéaliser
I,identifier,s'identifier
I,idolâtrer,s'idolâtrer
I,ignorer,s'ignorer
I,illuminer,s'illuminer
I,illusionner,s'illusionner
I,illustrer,s'illustrer
I,imaginer,s'imaginer
I,imbiber,s'imbiber
I,imbriquer,s'imbriquer
I,immatérialiser,s'immatérialiser
I,immerger,s'immerger
I,immiscer,s'immiscer
I,immobiliser,s'immobiliser
I,immoler,s'immoler
I,immortaliser,s'immortaliser
I,immuniser,s'immuniser
I,impatienter,s'impatienter
I,impatroniser,s'impatroniser
I,implanter,s'implanter
I,impliquer,s'impliquer
I,imposer,s'imposer
I,imprégner,s'imprégner
I,imprimer,s'imprimer
I,improviser,s'improviser
I,incarner,s'incarner
I,incliner,s'incliner
I,incorporer,s'incorporer
I,incruster,s'incruster
I,incurver,s'incurver
I,indemniser,s'indemniser
I,indigner,s'indigner
I,individualiser,s'individualiser
I,industrialiser,s'industrialiser
I,infatuer,s'infatuer
I,infecter,s'infecter
I,inféoder,s'inféoder
I,infiltrer,s'infiltrer
I,informer,s'informer
I,informatiser,s'informatiser
I,ingérer,s'ingérer
I,ingénier,s'ingénier
I,initier,s'initier
I,injecter,s'injecter
I,injurier,s'injurier
I,inoculer,s'inoculer
I,inonder,s'inonder
I,inquiéter,s'inquiéter
I,insérer,s'insérer
I,insinuer,s'insinuer
I,inspirer,s'inspirer
I,installer,s'installer
I,instaurer,s'instaurer
I,instituer,s'instituer
I,institutionnaliser,s'institutionnaliser
I,insulter,s'insulter
I,insurger,s'insurger
I,intégrer,s'intégrer
I,intensifier,s'intensifier
I,intercaler,s'intercaler
I,intéresser,s'intéresser
I,interférer,s'interférer
I,internationaliser,s'internationaliser
I,interpénétrer,s'interpénétrer
I,interposer,s'interposer
I,interpréter,s'interpréter
I,interroger,s'interroger
I,intituler,s'intituler
I,intoxiquer,s'intoxiquer
I,invaginer,s'invaginer
I,inventer,s'inventer
I,inverser,s'inverser
I,invétérer,s'invétérer
I,inviter,s'inviter
I,iriser,s'iriser
I,irradier,s'irradier
I,irriter,s'irriter
I,islamiser,s'islamiser
I,isoler,s'isoler
I,jeter,se jeter
I,jalouser,se jalouser
I,japoniser,se japoniser
I,jauger,se jauger
I,jouer,se jouer
I,juger,se juger
I,jucher,se jucher
I,jurer,se jurer
I,justifier,se justifier
I,kératiniser,se kératiniser
I,lécher,se lécher
I,léguer,se léguer
I,lever,se lever
I,lier,se lier
I,lacer,se lacer
I,labialiser,se labialiser
I,labourer,se labourer
I,laïciser,se laïciser
I,laisser,se laisser
I,lamenter,se lamenter
I,lancer,se lancer
I,lapidifier,se lapidifier
I,lasser,se lasser
I,laver,se laver
I,lester,se lester
I,leurrer,se leurrer
I,lexicaliser,se lexicaliser
I,lézarder,se lézarder
I,libérer,se libérer
I,libaniser,se libaniser
I,libéraliser,se libéraliser
I,lignifier,se lignifier
I,liguer,se liguer
I,limer,se limer
I,limiter,se limiter
I,linger,se linger
I,liquéfier,se liquéfier
I,liserer,se liserer
I,livrer,se livrer
I,loger,se loger
I,localiser,se localiser
I,loquer,se loquer
I,louer,se louer
I,louper,se louper
I,lover,se lover
I,luxer,se luxer
I,macchaber,se macchaber
I,madériser,se madériser
I,maganer,se maganer
I,magner,se magner
I,maîtriser,se maîtriser
I,manger,se manger
I,manier,se manier
I,maniérer,se maniérer
I,manifester,se manifester
I,manigancer,se manigancer
I,manquer,se manquer
I,maquer,se maquer
I,maquiller,se maquiller
I,marier,se marier
I,marginaliser,se marginaliser
I,marquer,se marquer
I,marrer,se marrer
I,masquer,se masquer
I,masser,se masser
I,massacrer,se massacrer
I,masturber,se masturber
I,matérialiser,se matérialiser
I,mécompter,se mécompter
I,méfier,se méfier
I,méjuger,se méjuger
I,mêler,se mêler
I,mélanger,se mélanger
I,ménager,se ménager
I,mépriser,se mépriser
I,mésallier,se mésallier
I,mesurer,se mesurer
I,métamorphoser,se métamorphoser
I,meubler,se meubler
I,mignoter,se mignoter
I,mijoter,se mijoter
I,mirer,se mirer
I,miter,se miter
I,mithridatiser,se mithridatiser
I,mitonner,se mitonner
I,mobiliser,se mobiliser
I,modeler,se modeler
I,modérer,se modérer
I,moderniser,se moderniser
I,modifier,se modifier
I,momifier,se momifier
I,mondialiser,se mondialiser
I,monter,se monter
I,montrer,se montrer
I,moquer,se moquer
I,mortifier,se mortifier
I,motter,se motter
I,moucher,se moucher
I,mouiller,se mouiller
I,mouronner,se mouronner
I,mouver,se mouver
I,muer,se muer
I,multiplier,se multiplier
I,murer,se murer
I,muser,se muser
I,musser,se musser
I,mutiler,se mutiler
I,mutiner,se mutiner
I,nacrer,se nacrer
I,nasaliser,se nasaliser
I,navaler,se navaler
I,néantiser,se néantiser
I,nécroser,se nécroser
I,négliger,se négliger
I,négocier,se négocier
I,neutraliser,se neutraliser
I,nicher,se nicher
I,nimber,se nimber
I,nipper,se nipper
I,nitrifier,se nitrifier
I,noyer,se noyer
I,nommer,se nommer
I,normaliser,se normaliser
I,nouer,se nouer
I,numéroter,se numéroter
I,obérer,s'obérer
I,objectiver,s'objectiver
I,obliger,s'obliger
I,observer,s'observer
I,obstiner,s'obstiner
I,obstruer,s'obstruer
I,occidentaliser,s'occidentaliser
I,occuper,s'occuper
I,octroyer,s'octroyer
I,offenser,s'offenser
I,offusquer,s'offusquer
I,opérer,s'opérer
I,opacifier,s'opacifier
I,opiniâtrer,s'opiniâtrer
I,opposer,s'opposer
I,ordonner,s'ordonner
I,organiser,s'organiser
I,orienter,s'orienter
I,orner,s'orner
I,orthographier,s'orthographier
I,ossifier,s'ossifier
I,ôter,s'ôter
I,oublier,s'oublier
I,ourder,s'ourder
I,outiller,s'outiller
I,oxyder,s'oxyder
I,oxygéner,s'oxygéner
I,payer,se payer
I,peler,se peler
I,peser,se peser
I,péter,se péter
I,pager,se pager
I,paddocker,se paddocker
I,pageoter,se pageoter
I,pagnoter,se pagnoter
I,paillarder,se paillarder
I,pajoter,se pajoter
I,pâmer,se pâmer
I,panacher,se panacher
I,panader,se panader
I,paniquer,se paniquer
I,parer,se parer
I,parcelliser,se parcelliser
I,parcheminer,se parcheminer
I,pardonner,se pardonner
I,parfumer,se parfumer
I,parjurer,se parjurer
I,parler,se parler
I,partager,se partager
I,particulariser,se particulariser
I,passer,se passer
I,passionner,se passionner
I,patienter,se patienter
I,patiner,se patiner
I,paumer,se paumer
I,pavaner,se pavaner
I,pêcher,se pêcher
I,peigner,se peigner
I,pelotonner,se pelotonner
I,pénétrer,se pénétrer
I,pencher,se pencher
I,percher,se percher
I,perfectionner,se perfectionner
I,périmer,se périmer
I,permuter,se permuter
I,perpétrer,se perpétrer
I,perpétuer,se perpétuer
I,persuader,se persuader
I,pétrifier,se pétrifier
I,peupler,se peupler
I,piéter,se piéter
I,pieuter,se pieuter
I,pincer,se pincer
I,pinter,se pinter
I,piquer,se piquer
I,pistacher,se pistacher
I,plier,se plier
I,placer,se placer
I,planquer,se planquer
I,planter,se planter
I,plaquer,se plaquer
I,plisser,se plisser
I,plomber,se plomber
I,plonger,se plonger
I,ploquer,se ploquer
I,plumer,se plumer
I,pocharder,se pocharder
I,poiler,se poiler
I,pointer,se pointer
I,poivrer,se poivrer
I,poivroter,se poivroter
I,polariser,se polariser
I,politiser,se politiser
I,pommeler,se pommeler
I,pommader,se pommader
I,pomponner,se pomponner
I,populariser,se populariser
I,porter,se porter
I,poser,se poser
I,positionner,se positionner
I,posséder,se posséder
I,poster,se poster
I,poudrer,se poudrer
I,pourchasser,se pourchasser
I,pourlécher,se pourlécher
I,pourprer,se pourprer
I,pousser,se pousser
I,pratiquer,se pratiquer
I,précariser,se précariser
I,précautionner,se précautionner
I,précipiter,se précipiter
I,préciser,se préciser
I,préférer,se préférer
I,prélasser,se prélasser
I,prénommer,se prénommer
I,préoccuper,se préoccuper
I,préparer,se préparer
I,présenter,se présenter
I,préserver,se préserver
I,presser,se presser
I,pressurer,se pressurer
I,prêter,se prêter
I,priver,se priver
I,proclamer,se proclamer
I,procurer,se procurer
I,prodiguer,se prodiguer
I,professionnaliser,se professionnaliser
I,profiler,se profiler
I,projeter,se projeter
I,prolonger,se prolonger
I,promener,se promener
I,prononcer,se prononcer
I,propager,se propager
I,proportionner,se proportionner
I,proposer,se proposer
I,propulser,se propulser
I,proroger,se proroger
I,prosterner,se prosterner
I,prostituer,se prostituer
I,protéger,se protéger
I,prouver,se prouver
I,provoquer,se provoquer
I,purger,se purger
I,purifier,se purifier
I,putréfier,se putréfier
I,qualifier,se qualifier
I,quereller,se quereller
I,questionner,se questionner
I,quitter,se quitter
I,rayer,se rayer
I,régler,se régler
I,rabaisser,se rabaisser
I,rabibocher,se rabibocher
I,raccommoder,se raccommoder
I,raccorder,se raccorder
I,raccoutumer,se raccoutumer
I,raccrocher,se raccrocher
I,racheter,se racheter
I,racler,se racler
I,raconter,se raconter
I,racquitter,se racquitter
I,racrapoter,se racrapoter
I,radicaliser,se radicaliser
I,radiner,se radiner
I,railler,se railler
I,raisonner,se raisonner
I,rajuster,se rajuster
I,rallier,se rallier
I,rallonger,se rallonger
I,rallumer,se rallumer
I,ramener,se ramener
I,ramasser,se ramasser
I,rameuter,se rameuter
I,ramifier,se ramifier
I,ranger,se ranger
I,rancarder,se rancarder
I,ranimer,se ranimer
I,rapatrier,se rapatrier
I,rapetisser,se rapetisser
I,rappeler,se rappeler
I,rapporter,se rapporter
I,rapprocher,se rapprocher
I,rapproprier,se rapproprier
I,rapprovisionner,se rapprovisionner
I,raréfier,se raréfier
I,raser,se raser
I,rassasier,se rassasier
I,rassembler,se rassembler
I,rasséréner,se rasséréner
I,rassurer,se rassurer
I,rater,se rater
I,ratatiner,se ratatiner
I,rationner,se rationner
I,rattacher,se rattacher
I,rattraper,se rattraper
I,ravaler,se ravaler
I,raviser,se raviser
I,ravitailler,se ravitailler
I,raviver,se raviver
I,réabonner,se réabonner
I,réaccoutumer,se réaccoutumer
I,réadapter,se réadapter
I,réajuster,se réajuster
I,réaliser,se réaliser
I,réapprovisionner,se réapprovisionner
I,réargenter,se réargenter
I,réarmer,se réarmer
I,réassurer,se réassurer
I,rebeller,se rebeller
I,rebiffer,se rebiffer
I,reboucher,se reboucher
I,reboutonner,se reboutonner
I,rebraguetter,se rebraguetter
I,rebrousser,se rebrousser
I,rebuter,se rebuter
I,recaser,se recaser
I,rechanger,se rechanger
I,réchauffer,se réchauffer
I,rechausser,se rechausser
I,réclamer,se réclamer
I,recoiffer,se recoiffer
I,recoller,se recoller
I,récolliger,se récolliger
I,récolter,se récolter
I,recommander,se recommander
I,récompenser,se récompenser
I,recomposer,se recomposer
I,réconcilier,se réconcilier
I,réconforter,se réconforter
I,reconnecter,se reconnecter
I,reconstituer,se reconstituer
I,recoquiller,se recoquiller
I,recoucher,se recoucher
I,recouper,se recouper
I,recourber,se recourber
I,récrier,se récrier
I,récréer,se récréer
I,recroqueviller,se recroqueviller
I,recruter,se recruter
I,reculer,se reculer
I,reculotter,se reculotter
I,récuser,se récuser
I,recycler,se recycler
I,rédimer,se rédimer
I,redonner,se redonner
I,redresser,se redresser
I,réengager,se réengager
I,référer,se référer
I,refermer,se refermer
I,refléter,se refléter
I,reformer,se reformer
I,réformer,se réformer
I,réfréner,se réfréner
I,refrogner,se refrogner
I,réfugier,se réfugier
I,refuser,se refuser
I,régaler,se régaler
I,regarder,se regarder
I,régénérer,se régénérer
I,regimber,se regimber
I,regrouper,se regrouper
I,réguler,se réguler
I,réhabiliter,se réhabiliter
I,réhabituer,se réhabituer
I,rehausser,se rehausser
I,réincarner,se réincarner
I,réinfecter,se réinfecter
I,réinsérer,se réinsérer
I,réinstaller,se réinstaller
I,rejeter,se rejeter
I,relayer,se relayer
I,relever,se relever
I,relâcher,se relâcher
I,relaisser,se relaisser
I,relaxer,se relaxer
I,reloger,se reloger
I,remaquiller,se remaquiller
I,remarier,se remarier
I,remarquer,se remarquer
I,rembarquer,se rembarquer
I,rembiner,se rembiner
I,rembucher,se rembucher
I,remémorer,se remémorer
I,remilitariser,se remilitariser
I,remiser,se remiser
I,remonter,se remonter
I,remontrer,se remontrer
I,remoucher,se remoucher
I,remparer,se remparer
I,remplacer,se remplacer
I,remplumer,se remplumer
I,remuer,se remuer
I,renier,se renier
I,rencogner,se rencogner
I,rencontrer,se rencontrer
I,rendetter,se rendetter
I,renfermer,se renfermer
I,renfler,se renfler
I,renforcer,se renforcer
I,renfrogner,se renfrogner
I,rengager,se rengager
I,rengorger,se rengorger
I,renouer,se renouer
I,renouveler,se renouveler
I,renseigner,se renseigner
I,renvoyer,se renvoyer
I,renverser,se renverser
I,réorganiser,se réorganiser
I,réorienter,se réorienter
I,repérer,se repérer
I,répéter,se répéter
I,reparler,se reparler
I,repasser,se repasser
I,repeigner,se repeigner
I,répercuter,se répercuter
I,repeupler,se repeupler
I,replier,se replier
I,replacer,se replacer
I,replanter,se replanter
I,répliquer,se répliquer
I,replonger,se replonger
I,reporter,se reporter
I,reposer,se reposer
I,repositionner,se repositionner
I,repousser,se repousser
I,représenter,se représenter
I,reprocher,se reprocher
I,requalifier,se requalifier
I,requinquer,se requinquer
I,resemer,se resemer
I,réserver,se réserver
I,résigner,se résigner
I,résorber,se résorber
I,respecter,se respecter
I,ressemer,se ressemer
I,ressembler,se ressembler
I,resserrer,se resserrer
I,ressouder,se ressouder
I,ressourcer,se ressourcer
I,ressuyer,se ressuyer
I,restaurer,se restaurer
I,résumer,se résumer
I,rétamer,se rétamer
I,retaper,se retaper
I,retirer,se retirer
I,retourner,se retourner
I,rétracter,se rétracter
I,retrancher,se retrancher
I,retremper,se retremper
I,retrousser,se retrousser
I,retrouver,se retrouver
I,révéler,se révéler
I,revancher,se revancher
I,réveiller,se réveiller
I,revendiquer,se revendiquer
I,réverbérer,se réverbérer
I,révolter,se révolter
I,révulser,se révulser
I,rhabiller,se rhabiller
I,rider,se rider
I,ridiculiser,se ridiculiser
I,rincer,se rincer
I,risquer,se risquer
I,romaniser,se romaniser
I,ronger,se ronger
I,rouiller,se rouiller
I,rouler,se rouler
I,ruer,se ruer
I,ruiner,se ruiner
I,sécher,se sécher
I,saborder,se saborder
I,sabouler,se sabouler
I,sacrifier,se sacrifier
I,saigner,se saigner
I,saluer,se saluer
I,sangler,se sangler
I,saouler,se saouler
I,saper,se saper
I,satelliser,se satelliser
I,sauver,se sauver
I,savonner,se savonner
I,scandaliser,se scandaliser
I,scinder,se scinder
I,scléroser,se scléroser
I,secouer,se secouer
I,sectionner,se sectionner
I,sédentariser,se sédentariser
I,segmenter,se segmenter
I,séjourner,se séjourner
I,sensibiliser,se sensibiliser
I,séparer,se séparer
I,serrer,se serrer
I,signer,se signer
I,signaler,se signaler
I,silhouetter,se silhouetter
I,silicatiser,se silicatiser
I,simplifier,se simplifier
I,singulariser,se singulariser
I,siniser,se siniser
I,situer,se situer
I,soigner,se soigner
I,solder,se solder
I,solidariser,se solidariser
I,solidifier,se solidifier
I,sophistiquer,se sophistiquer
I,soucier,se soucier
I,souder,se souder
I,soûler,se soûler
I,soulever,se soulever
I,soulager,se soulager
I,spatialiser,se spatialiser
I,spécialiser,se spécialiser
I,stabiliser,se stabiliser
I,stimuler,se stimuler
I,stresser,se stresser
I,structurer,se structurer
I,sucer,se sucer
I,subdiviser,se subdiviser
I,subordonner,se subordonner
I,substituer,se substituer
I,subtiliser,se subtiliser
I,succéder,se succéder
I,sucrer,se sucrer
I,suicider,se suicider
I,superposer,se superposer
I,supplanter,se supplanter
I,supporter,se supporter
I,supprimer,se supprimer
I,surajouter,se surajouter
I,suralimenter,se suralimenter
I,surestimer,se surestimer
I,surimposer,se surimposer
I,surmener,se surmener
I,surmonter,se surmonter
I,surpasser,se surpasser
I,surveiller,se surveiller
I,suspecter,se suspecter
I,sustenter,se sustenter
I,syndiquer,se syndiquer
I,systématiser,se systématiser
I,tabasser,se tabasser
I,tacher,se tacher
I,tailler,se tailler
I,tamponner,se tamponner
I,taper,se taper
I,taquiner,se taquiner
I,targuer,se targuer
I,tasser,se tasser
I,tâter,se tâter
I,taveler,se taveler
I,technocratiser,se technocratiser
I,teinter,se teinter
I,téléphoner,se téléphoner
I,téléscoper,se téléscoper
I,tempérer,se tempérer
I,terminer,se terminer
I,terrer,se terrer
I,tétaniser,se tétaniser
I,tirer,se tirer
I,tire-bouchonner,se tire-bouchonner
I,tirebouchonner,se tirebouchonner
I,toiletter,se toiletter
I,toiser,se toiser
I,tolérer,se tolérer
I,toquer,se toquer
I,torcher,se torcher
I,tortiller,se tortiller
I,torturer,se torturer
I,touer,se touer
I,toucher,se toucher
I,tourmenter,se tourmenter
I,tourner,se tourner
I,tracasser,se tracasser
I,traîner,se traîner
I,traiter,se traiter
I,tramer,se tramer
I,tranquilliser,se tranquilliser
I,transcender,se transcender
I,transformer,se transformer
I,transmuer,se transmuer
I,transmuter,se transmuter
I,transplanter,se transplanter
I,transporter,se transporter
I,travailler,se travailler
I,trémousser,se trémousser
I,tremper,se tremper
I,trimbaler,se trimbaler
I,trimballer,se trimballer
I,trisser,se trisser
I,tromper,se tromper
I,trotter,se trotter
I,trouer,se trouer
I,troubler,se troubler
I,trousser,se trousser
I,trouver,se trouver
I,tuer,se tuer
I,tuméfier,se tuméfier
I,tutoyer,se tutoyer
I,ulcérer,s'ulcérer
I,unifier,s'unifier
I,universaliser,s'universaliser
I,urbaniser,s'urbaniser
I,user,s'user
I,vallonner,se vallonner
I,valoriser,se valoriser
I,vanter,se vanter
I,vautrer,se vautrer
I,véhiculer,se véhiculer
I,velouter,se velouter
I,venger,se venger
I,vérifier,se vérifier
I,vermouler,se vermouler
I,verrouiller,se verrouiller
I,verser,se verser
I,vexer,se vexer
I,viander,se viander
I,vider,se vider
I,violacer,se violacer
I,visser,se visser
I,voiler,se voiler
I,voler,se voler
I,volatiliser,se volatiliser
I,vouer,se vouer
I,vousoyer,se vousoyer
I,voussoyer,se voussoyer
I,voûter,se voûter
I,vouvoyer,se vouvoyer
I,zoner,se zoner
II,abâtardir,s'abâtardir
II,abêtir,s'abêtir
II,abonnir,s'abonnir
II,abrutir,s'abrutir
II,accomplir,s'accomplir
II,accroupir,s'accroupir
II,adoucir,s'adoucir
II,affadir,s'affadir
II,affaiblir,s'affaiblir
II,affermir,s'affermir
II,affranchir,s'affranchir
II,agir,s'agir
II,agrandir,s'agrandir
II,aguerrir,s'aguerrir
II,aigrir,s'aigrir
II,alanguir,s'alanguir
II,alourdir,s'alourdir
II,amaigrir,s'amaigrir
II,amincir,s'amincir
II,amoindrir,s'amoindrir
II,amollir,s'amollir
II,amortir,s'amortir
II,amuïr,s'amuïr
II,anéantir,s'anéantir
II,anoblir,s'anoblir
II,aplanir,s'aplanir
II,aplatir,s'aplatir
II,appauvrir,s'appauvrir
II,appesantir,s'appesantir
II,applaudir,s'applaudir
II,approfondir,s'approfondir
II,arrondir,s'arrondir
II,assagir,s'assagir
II,asservir,s'asservir
II,assombrir,s'assombrir
II,assortir,s'assortir
II,assoupir,s'assoupir
II,assouplir,s'assouplir
II,assourdir,s'assourdir
II,assouvir,s'assouvir
II,assujettir,s'assujettir
II,attendrir,s'attendrir
II,attiédir,s'attiédir
II,avachir,s'avachir
II,aveulir,s'aveulir
II,avilir,s'avilir
II,bâtir,se bâtir
II,blanchir,se blanchir
II,blottir,se blottir
II,brunir,se brunir
II,candir,se candir
II,chancir,se chancir
II,clapir,se clapir
II,conjouir,se conjouir
II,convertir,se convertir
II,décatir,se décatir
II,décrépir,se décrépir
II,définir,se définir
II,dégarnir,se dégarnir
II,dégourdir,se dégourdir
II,dégrossir,se dégrossir
II,démunir,se démunir
II,dépolir,se dépolir
II,déraidir,se déraidir
II,désemplir,se désemplir
II,dessaisir,se dessaisir
II,désunir,se désunir
II,divertir,se divertir
II,durcir,se durcir
II,ébahir,s'ébahir
II,ébaubir,s'ébaubir
II,ébaudir,s'ébaudir
II,éclaircir,s'éclaircir
II,élargir,s'élargir
II,embellir,s'embellir
II,emplir,s'emplir
II,endurcir,s'endurcir
II,enfouir,s'enfouir
II,engloutir,s'engloutir
II,engourdir,s'engourdir
II,enhardir,s'enhardir
II,enlaidir,s'enlaidir
II,enorgueillir,s'enorgueillir
II,enrichir,s'enrichir
II,ensevelir,s'ensevelir
II,entre-haïr,s'entre-haïr
II,envieillir,s'envieillir
II,épaissir,s'épaissir
II,épanouir,s'épanouir
II,esbaudir,s'esbaudir
II,établir,s'établir
II,étourdir,s'étourdir
II,étrécir,s'étrécir
II,évanouir,s'évanouir
II,farcir,se farcir
II,fléchir,se fléchir
II,flétrir,se flétrir
II,fleurir,se fleurir
II,fournir,se fournir
II,garnir,se garnir
II,gauchir,se gauchir
II,gaudir,se gaudir
II,grandir,se grandir
II,guérir,se guérir
II,haïr,se haïr
II,infléchir,s'infléchir
II,investir,s'investir
II,languir,se languir
II,munir,se munir
II,nantir,se nantir
II,noircir,se noircir
II,nourrir,se nourrir
II,obscurcir,s'obscurcir
II,ourdir,s'ourdir
II,pervertir,se pervertir
II,polir,se polir
II,pourrir,se pourrir
II,prémunir,se prémunir
II,rabougrir,se rabougrir
II,raccourcir,se raccourcir
II,racornir,se racornir
II,radoucir,se radoucir
II,raffermir,se raffermir
II,rafraîchir,se rafraîchir
II,raidir,se raidir
II,rajeunir,se rajeunir
II,ralentir,se ralentir
II,ramollir,se ramollir
II,rancir,se rancir
II,rapointir,se rapointir
II,rappointir,se rappointir
II,réassortir,se réassortir
II,reconvertir,se reconvertir
II,réfléchir,se réfléchir
II,refroidir,se refroidir
II,réjouir,se réjouir
II,rembrunir,se rembrunir
II,remplir,se remplir
II,répartir,se répartir
II,resalir,se resalir
II,ressaisir,se ressaisir
II,rétablir,se rétablir
II,rétrécir,se rétrécir
II,réunir,se réunir
II,roidir,se roidir
II,rôtir,se rôtir
II,saisir,se saisir
II,salir,se salir
II,tapir,se tapir
II,tarir,se tarir
II,ternir,se ternir
II,trahir,se trahir
III,en aller,s'en aller
III,abattre,s'abattre
III,abstenir,s'abstenir
III,abstraire,s'abstraire
III,accroître,s'accroître
III,acquérir,s'acquérir
III,adire,s'adire
III,adjoindre,s'adjoindre
III,apercevoir,s'apercevoir
III,appartenir,s'appartenir
III,apprendre,s'apprendre
III,asseoir,s'asseoir
III,astreindre,s'astreindre
III,attendre,s'attendre
III,autodétruire,s'autodétruire
III,boire,se boire
III,battre,se battre
III,ceindre,se ceindre
III,circonscrire,se circonscrire
III,commettre,se commettre
III,complaire,se complaire
III,comprendre,se comprendre
III,compromettre,se compromettre
III,concevoir,se concevoir
III,conclure,se conclure
III,conduire,se conduire
III,confire,se confire
III,confondre,se confondre
III,connaître,se connaître
III,conquérir,se conquérir
III,construire,se construire
III,contenir,se contenir
III,contraindre,se contraindre
III,contredire,se contredire
III,contrefoutre,se contrefoutre
III,convenir,se convenir
III,convaincre,se convaincre
III,correspondre,se correspondre
III,corrompre,se corrompre
III,couvrir,se couvrir
III,croire,se croire
III,devoir,se devoir
III,dire,se dire
III,débattre,se débattre
III,découdre,se découdre
III,découvrir,se découvrir
III,dédire,se dédire
III,déduire,se déduire
III,défaire,se défaire
III,défendre,se défendre
III,démettre,se démettre
III,démentir,se démentir
III,départir,se départir
III,déplaire,se déplaire
III,dépourvoir,se dépourvoir
III,déprendre,se déprendre
III,desservir,se desservir
III,détendre,se détendre
III,détruire,se détruire
III,dévêtir,se dévêtir
III,disjoindre,se disjoindre
III,dissoudre,se dissoudre
III,distendre,se distendre
III,distordre,se distordre
III,distraire,se distraire
III,ébattre,s'ébattre
III,écrire,s'écrire
III,émouvoir,s'émouvoir
III,emboire,s'emboire
III,empreindre,s'empreindre
III,enduire,s'enduire
III,endormir,s'endormir
III,enfuir,s'enfuir
III,enquérir,s'enquérir
III,ensuivre,s'ensuivre
III,entendre,s'entendre
III,entrapercevoir,s'entrapercevoir
III,entre-détruire,s'entre-détruire
III,entre-nuire,s'entre-nuire
III,entre-soutenir,s'entre-soutenir
III,entrebattre,s'entrebattre
III,entredétruire,s'entredétruire
III,entremettre,s'entremettre
III,entrenuire,s'entrenuire
III,entretenir,s'entretenir
III,entrevoir,s'entrevoir
III,entrouvrir,s'entrouvrir
III,épandre,s'épandre
III,éperdre,s'éperdre
III,éprendre,s'éprendre
III,équivaloir,s'équivaloir
III,éteindre,s'éteindre
III,étendre,s'étendre
III,étreindre,s'étreindre
III,exclure,s'exclure
III,extraire,s'extraire
III,faire,se faire
III,en falloir,s'en falloir
III,fendre,se fendre
III,fondre,se fondre
III,foutre,se foutre
III,fuir,se fuir
III,inclure,s'inclure
III,inscrire,s'inscrire
III,instruire,s'instruire
III,interdire,s'interdire
III,interrompre,s'interrompre
III,introduire,s'introduire
III,joindre,se joindre
III,lire,se lire
III,mettre,se mettre
III,mourir,se mourir
III,mouvoir,se mouvoir
III,maintenir,se maintenir
III,méconduire,se méconduire
III,mentir,se mentir
III,méprendre,se méprendre
III,mordre,se mordre
III,morfondre,se morfondre
III,nuire,se nuire
III,obtenir,s'obtenir
III,occlure,s'occlure
III,offrir,s'offrir
III,oindre,s'oindre
III,ouvrir,s'ouvrir
III,pouvoir,se pouvoir
III,peindre,se peindre
III,pendre,se pendre
III,perdre,se perdre
III,permettre,se permettre
III,plaire,se plaire
III,plaindre,se plaindre
III,poursuivre,se poursuivre
III,pourvoir,se pourvoir
III,prendre,se prendre
III,prescrire,se prescrire
III,prétendre,se prétendre
III,prévoir,se prévoir
III,prévaloir,se prévaloir
III,produire,se produire
III,promettre,se promettre
III,rire,se rire
III,rabattre,se rabattre
III,ramentevoir,se ramentevoir
III,rasseoir,se rasseoir
III,rassir,se rassir
III,recevoir,se recevoir
III,recoudre,se recoudre
III,reconnaître,se reconnaître
III,recouvrir,se recouvrir
III,recueillir,se recueillir
III,réduire,se réduire
III,redissoudre,se redissoudre
III,refaire,se refaire
III,réinscrire,se réinscrire
III,rejoindre,se rejoindre
III,relire,se relire
III,remettre,se remettre
III,rendre,se rendre
III,rendormir,se rendormir
III,repaître,se repaître
III,répandre,se répandre
III,repentir,se repentir
III,répondre,se répondre
III,reprendre,se reprendre
III,reproduire,se reproduire
III,résoudre,se résoudre
III,ressentir,se ressentir
III,resservir,se resservir
III,ressouvenir,se ressouvenir
III,restreindre,se restreindre
III,retenir,se retenir
III,en revenir,s'en revenir
III,revoir,se revoir
III,revendre,se revendre
III,revêtir,se revêtir
III,rompre,se rompre
III,rouvrir,se rouvrir
III,savoir,se savoir
III,satisfaire,se satisfaire
III,sentir,se sentir
III,servir,se servir
III,sortir,se sortir
III,souffrir,se souffrir
III,soumettre,se soumettre
III,sourire,se sourire
III,soustraire,se soustraire
III,soutenir,se soutenir
III,souvenir,se souvenir
III,suffire,se suffire
III,suivre,se suivre
III,surprendre,se surprendre
III,survivre,se survivre
III,suspendre,se suspendre
III,taire,se taire
III,tenir,se tenir
III,teindre,se teindre
III,tendre,se tendre
III,tordre,se tordre
III,traduire,se traduire
III,transmettre,se transmettre
III,en venir,s'en venir
III,voir,se voir
III,vouloir,se vouloir
III,en vouloir,s'en vouloir
III,valoir,se valoir
III,vaincre,se vaincre
III,vendre,se vendre
III,vêtir,se vêtir